0.0001,100,1,5
1 = Jupiter,2 = Callisto,3 = Io,4 = Europa,5 = Ganymede
time,energy,ang_mom,r1x,r1y,r1z,v1x,v1y,v1z,r2x,r2y,r2z,v2x,v2y,v2z,r3x,r3y,r3z,v3x,v3y,v3z,r4x,r4y,r4z,v4x,v4y,v4z,r5x,r5y,r5z,v5x,v5y,v5z
0,-40378.6740715878,211.2303905570489,0,0,0,0,0,0,-0.944191,0.08334900000000001,-0.0100524,-10.2756,-114.634,-3.72466,-0.169116,-0.124343,-0.00681363,145.907,-198.065,-4.88673,-0.266673,-0.208467,-0.0127803,118.511,-151.543,-2.38954,0.333627,-0.417099,-0.0111661,120.271,96.1369,5.37549
0.0001,-40378.67082135346,211.2303905570489,-5.849941921409471e-08,-6.170807642853816e-08,-3.120123762940155e-09,-0.001110468400731813,-0.001298470583018871,-6.375159945143629e-05,-0.9451484171196094,0.07187940562905586,-0.01042411931522312,-8.872076361870125,-114.7493634391358,-3.709450650504727,-0.153370357560655,-0.1433003458892144,-0.007255772677508095,167.9296587487103,-179.7879091991815,-3.925962669245585,-0.2543876473410154,-0.2232818252979107,-0.0129984408625236,126.9960917482193,-144.5124157614628,-1.96973043961712,0.3455156516408802,-0.4073122324501748,-0.0106239176793122,117.4526481420145,99.55789329511119,5.465907905146576
0.0002,-40378.65333058958,211.2303905570489,-2.220936801463627e-07,-2.596941166037743e-07,-1.275031989028726e-08,-0.002094780302642352,-0.002718684501521762,-0.0001298545737163263,-0.9459654152723741,0.06039912731217285,-0.01079429013010095,-7.467322730273334,-114.847672109732,-3.693691148620231,-0.1355300682502579,-0.1603005818398363,-0.007598822533849118,187.6539479218263,-159.0603454272356,-2.91181974847732,-0.2412737816503561,-0.2373694831522926,-0.01317424608792342,135.0680625107948,-137.0111929487471,-1.543500862759907,0.3571175296284029,-0.3971874213409777,-0.01007291841897068,114.5367210760518,102.8963559564555,5.551791792431711
0.0003,-40378.62200707922,211.2303905570489,-4.77455479742565e-07,-6.054449767328907e-07,-2.909103850620542e-08,-0.002939575747643833,-0.004246090931913903,-0.0001975996396098102,-0.9466418816656641,0.04890987120710945,-0.01116285754494717,-6.061543265616599,-114.9289136201718,-3.677383844336399,-0.1158395679762898,-0.1751124149746615,-0.007838136627203557,204.8060319605955,-136.1741170091126,-1.858522637141454,-0.2273740348388564,-0.2506840638876601,-0.01330714103507558,142.7011523588536,-129.0630929009159,-1.112206365106806,0.3684229958560906,-0.3867329612588837,-0.009513559320825855,111.5256479587705,106.1494929366845,5.633069592355077
0.0004,-40378.57753525781,211.2303905570489,-8.100088296751292e-07,-1.108912302986555e-06,-5.22702478122493e-08,-0.003633333775141368,-0.005864656589051693,-0.0002662520138749922,-0.9471777239254974,0.03741334458813848,-0.01152976689896823,-4.654942180707605,-114.9930780293893,-3.660531165427904,-0.09456886185813883,-0.1875354052416588,-0.007970527061277408,219.1503129496033,-111.4519385230475,-0.7808335067682133,-0.2127335511785854,-0.2631821017324757,-0.01339668736094479,149.8709162377327,-120.6932020568674,-0.6772159301764589,0.3794226592201571,-0.3759575227536408,-0.008946304500499668,108.4219386150596,109.3145812371471,5.709673130219347
0.0005,-40378.52079427827,211.2303905570489,-1.204122234770839e-06,-1.778376294543229e-06,-8.234144128120386e-08,-0.00416653959394297,-0.007557116918184756,-0.0003350626807963342,-0.9475728701018055,0.02591125560123158,-0.01189496377803275,-3.247723739201624,-115.0401578403929,-3.643135617184312,-0.07200950538636913,-0.197402802679271,-0.0079943033285572,230.4929441253793,-85.24212837710499,0.3061821688889486,-0.1973998515913099,-0.2748227042990335,-0.01344258422111087,156.5543029506515,-111.9278736996391,-0.2399089654297399,0.3901073835791025,-0.3648700450114543,-0.008371624694781985,105.2281813593797,112.3889723171811,5.781538186957565
0.0006000000000000001,-40378.45280797156,211.2303905570489,-1.643316748463723e-06,-2.620335686623506e-06,-1.192827839715161e-07,-0.004531813684729391,-0.009305246088733492,-0.0004032797754402867,-0.9478272686733376,0.01440531302005989,-0.01225839402240509,-1.840092249686291,-115.070147991266,-3.625199781988856,-0.04847027303306298,-0.2045838309170798,-0.007909290627499618,238.6845404455413,-57.91290595777406,1.387395762972814,-0.1814226905884551,-0.2855676764724035,-0.01344466915403073,162.7297231263792,-102.7946711893912,0.1983277578192055,0.400468295492033,-0.3534797282902046,-0.007789996863108155,101.9470407524593,115.3700944436705,5.848604556701004
0.0007,-40378.37472641562,211.2303905570489,-2.110484971716717e-06,-3.639425512289927e-06,-1.629973963692612e-07,-0.004724000940646203,-0.0110901392608644,-0.0004701598250230922,-0.9479408885517426,0.002897226002978387,-0.01262000373443052,-0.4322520552291496,-115.0830458451188,-3.606726318798092,-0.02427259729726086,-0.2089853838708259,-0.007716824175962637,243.6220449817546,-29.84642992790664,2.447852654752262,-0.1648539069660341,-0.2953816385369118,-0.01340291866954703,168.3771080488274,-93.32230739745516,0.6361031279382083,0.4104967917295944,-0.3417960261227202,-0.007201903783441784,98.58125530164587,118.2554549796869,5.910816101134081
0.0008,-40378.28781796251,211.2303905570489,-2.588116936592964e-06,-4.838363538796384e-06,-2.133147489761346e-07,-0.004740219215892671,-0.01289250052870679,-0.0005349786066616738,-0.9479137190843834,-0.008611296148963865,-0.01297973928616471,0.9755924812678034,-115.0788511800139,-3.587717962565108,0.0002541359632879553,-0.2105531169026612,-0.007419720096549166,245.2497356936456,-1.432719207641007,3.473001135360755,-0.1477472689786896,-0.3042321379518946,-0.01331744852844309,173.4779631353628,-83.54057778757851,1.072024915554,0.4201845465523621,-0.3298286372942672,-0.006607833642881339,95.13363511600451,121.0426426101937,5.968120800683902
0.0009000000000000001,-40378.19345670247,211.2303905570489,-3.058528814895251e-06,-6.217925618031284e-06,-2.699931177015959e-07,-0.004579867854780658,-0.01469293013311119,-0.0005970414037304256,-0.9477457700554891,-0.0201185442330244,-0.01333754732694355,2.383236995307263,-115.0575661794747,-3.568177523637313,0.02477734984146827,-0.2092719277123541,-0.007022223948890486,243.5593831718544,26.93640720527415,4.448908400952365,-0.1301583143389615,-0.3120897540944276,-0.01318851368643623,178.0154189549187,-73.48028711570355,1.504703253648197,0.4295235187527952,-0.3175874976006815,-0.006008279623305004,91.60705953049759,123.729329500775,6.020470802557194
0.001,-40378.09310178329,211.2303905570489,-3.504090507549095e-06,-7.776949565418622e-06,-3.327230297222197e-07,-0.004244597869403883,-0.01647220495363108,-0.0006556924735146138,-0.947437071685322,-0.03162280938485881,-0.01369337479089217,3.790477141957288,-115.0191954238725,-3.548107887149146,0.04896601259765884,-0.2051658354616063,-0.006529938416358693,238.5895941230795,54.87324487014007,5.362459677209209,-0.1121441851877059,-0.3189281953750353,-0.01301650787771345,181.9742809891129,-63.17317081436713,1.932754330484922,0.4385059584584616,-0.3050827713941122,-0.0054037394823699,88.00447471656045,126.3132733814725,6.067822465536016
0.0011,-40377.98827082301,211.2303905570489,-3.907448388776028e-06,-9.512366608757501e-06,-4.011316124045187e-07,-0.00373824638155209,-0.01821154689897738,-0.0007103235739797544,-0.9469876746270977,-0.0431223833177989,-0.01404716890437337,5.197108619295749,-114.9637458827697,-3.527512012421478,0.07249526866608418,-0.198297278738326,-0.005949732013448645,230.4243961526812,81.99985926779338,6.201537279901484,-0.09376345814113893,-0.324724388257301,-0.01280196282033925,185.3410781286293,-52.65181215939255,2.354804224700184,0.4471244136961073,-0.292324842924387,-0.004794715130197801,84.32889129752259,128.7923195413802,6.110136401235979
0.0012,-40377.88051060419,211.2303905570489,-4.251739783859513e-06,-1.14192589452141e-05,-4.747877445181705e-07,-0.003066738710664207,-0.01989287457419345,-0.0007603814352572208,-0.9463976499614628,-0.05461555856141274,-0.01439887719337647,6.602927193586634,-114.8912269081632,-3.506392932373378,0.09505089182819509,-0.1887658636080476,-0.005289630960378397,219.1911359729602,107.9533841247838,6.955177213095005,-0.07507596956198004,-0.3294585578069139,-0.01254554703277341,188.1041093649256,-41.94955596608157,2.769492823989873,0.4553717367179662,-0.2793243074858361,-0.004181712202122705,80.58338198366872,131.1644027105627,6.147377511182688
0.0013,-40377.7713675199,211.230390557049,-4.520796130908869e-06,-1.349094152359619e-05,-5.532078994559628e-07,-0.002237962053064864,-0.02149903446126759,-0.0008053740998132841,-0.9456670891883804,-0.06610062869943154,-0.01474844749084805,8.007728725737772,-114.8016502285026,-3.484753752947822,0.1163334958606762,-0.1767066019133693,-0.004558696570829645,205.0577752148226,132.3908830033432,7.613701711891852,-0.0561426362681538,-0.3331142994505173,-0.01224806425554127,190.2534880338796,-31.10041922200057,3.175477788897314,0.463241090092841,-0.2660919623822744,-0.003565239627961263,76.7710792290637,133.4275487956413,6.179515018583288
0.0014,-40377.66235967879,211.2303905570489,-4.699332194472486e-06,-1.571906583746762e-05,-6.358625644808273e-07,-0.001261615050970829,-0.02301400875540972,-0.0008448760922690881,-0.9447961042163153,-0.07757588860711327,-0.01509582794396603,9.411309198686771,-114.6950299433289,-3.462597652550599,0.1360624468711596,-0.162287687007379,-0.003766890618000027,188.2296755320173,154.9937135993542,8.168826915240558,-0.03702527195520412,-0.3356786416513139,-0.01191045147499395,191.7811830378487,-20.13899884654554,3.571438538836782,0.4707259525637789,-0.2526387977267079,-0.002945809198406047,72.89517288642816,135.579876428792,6.206522493179753
0.0015,-40377.55495262502,211.2303905570489,-4.773119141103035e-06,-1.809374327467814e-05,-7.221831179097804e-07,-0.0001490376990577235,-0.02442309790138619,-0.0008785324137892444,-0.943784827348643,-0.08903963468809734,-0.01544096702135817,10.81346474544585,-114.5713825183778,-3.439927881500353,0.1539794309670797,-0.1457078591934984,-0.002924931187781533,168.9459678699506,175.4713532944046,8.613745571165008,-0.01778639966058406,-0.3371420992198264,-0.01153377654777392,192.6810565745916,-9.100376660950515,3.956080246705988,0.4778201246701266,-0.238975987096516,-0.002323935129325313,68.9589077971287,137.6195982956746,6.228377867366444
0.0016,-40377.45054092834,211.2303905570489,-4.72913973428403e-06,-2.060368541774486e-05,-8.115690472386762e-07,0.001086973999985455,-0.02571307672865438,-0.0009060613855530124,-0.9426334112672261,-0.1004901651107888,-0.0157838135202661,12.21399167760419,-114.4307267810031,-3.416747761487222,0.1698516404451497,-0.1271934163484981,-0.002044141503767025,147.475600025508,193.564662595607,8.943185302434651,0.001510939359714213,-0.337498716983504,-0.01111923542565275,192.9488979829746,1.979978383825966,4.32813783279628,0.4845177341232046,-0.225114878067573,-0.001700133624932758,64.96558121056471,139.5450222364542,6.245063442294026
0.0017,-40377.35043750922,211.2303905570489,-4.555724341105943e-06,-2.323635862040901e-05,-9.033953950203829e-07,0.002432364414085497,-0.02687232385484906,-0.0009272563902002324,-0.9413420290131221,-0.111925780044298,-0.01612431657365561,13.61268651413917,-114.273083915795,-3.393060685037458,0.1834745509721813,-0.106994926674377,-0.001136294127294603,124.1131524982778,209.048579385291,9.153443475211363,0.02080337993601087,-0.3367461035430612,-0.01066814898121466,192.5824533671288,13.06631067207921,4.686379950120748,0.4908132409122396,-0.2110669826492252,-0.001074922440866508,60.91853990493589,141.35455216953,6.256565884343083
0.0018,-40377.25587055608,211.2303905570489,-4.24266685146693e-06,-2.597815018871467e-05,-9.970203252787226e-07,0.003872021797548659,-0.02789092468915686,-0.0009419865788880833,-0.9399108739643982,-0.1233447818939478,-0.01646242565727359,15.00934601042763,-114.0984774602862,-3.368870114981619,0.1946742709448053,-0.08538370047143987,-0.0002134528087247521,99.17450577396059,221.7342508687013,9.242400107282384,0.04002743003313997,-0.3348854548490882,-0.0101819594356286,191.581450688618,24.1226810113889,5.029612953121599,0.4967014421041918,-0.196843967633667,-0.0004488204480641414,56.82117691114156,143.0466889550683,6.262876214950016
0.0019,-40377.16798457982,211.2303905570489,-3.781319981596211e-06,-2.881454355824039e-05,-1.091792710798e-06,0.005389985457006691,-0.02876074890567515,-0.0009501966246904498,-0.9383401598110366,-0.1347454755363552,-0.01679809059665193,16.40376718737771,-113.9069333006602,-3.344179583924203,0.2033094521269734,-0.06264807650063674,0.0007121858941618739,72.99243329789883,231.4706214987852,9.209510527272524,0.05911967007373447,-0.3319215673407835,-0.009662226390590337,189.9476200286895,35.11307224455831,5.356684840801259,0.502177476294468,-0.1824576448582115,0.0001776528021234956,52.6769278390147,144.6200313570434,6.263989799171662
0.002,-40377.08783983625,211.2303905570489,-3.164669760065592e-06,-3.17302999698497e-05,-1.187059650216813e-06,0.006969653547748861,-0.02947550366675815,-0.0009519056108123013,-0.9366301205269227,-0.1461261685540799,-0.01713126157405843,17.79574736062319,-113.698479667392,-3.318992693712952,0.209272757604385,-0.03908957617168281,0.001628449296729753,45.91218424035888,238.145503929663,9.055779660579063,0.07801695403887789,-0.3278628404001766,-0.009110622467468351,187.6847087268139,46.00149725284049,5.666489164078721,0.5072368276719948,-0.1679199613622583,0.0008039775117701909,48.48926694201547,146.0732772358859,6.259906338859245
0.0021,-40377.01640563967,211.2303905570489,-2.387389272046438e-06,-3.470964429159201e-05,-1.28217383296046e-06,0.008593988975254811,-0.03003076415920853,-0.0009472051449582638,-0.934781010338912,-0.1574851714698336,-0.01746188913539453,19.18508416973798,-113.4731471307666,-3.293313114906375,0.2124918889750452,-0.01501897571470414,0.002523341826277687,18.28710947096704,241.686166251297,8.783719883469614,0.09665661181909725,-0.3227212678902154,-0.008528928557774592,184.7984911023685,56.75210918218196,5.957968885819335,0.5118753296828712,-0.1532429894110343,0.001429634069895345,44.26170316112251,147.4052250006638,6.250629873870454
0.0022,-40376.95454769602,211.2303905570489,-1.44587196501463e-06,-3.77364528016914e-05,-1.376500679208466e-06,0.01024572137300189,-0.03042398316778185,-0.0009362567897626905,-0.9327931036929751,-0.1688207979802332,-0.01778992419703971,20.57157560743959,-113.2309685962334,-3.267144586238356,0.2129301794985785,0.009247657078576589,0.003385193273423676,-9.525626392134377,242.0594724307149,8.397294364437917,0.1149766522593516,-0.3165124185637402,-0.007919028690304484,181.2967724666662,67.32931368720088,6.230120180626416,0.5160891683042195,-0.1384389163621255,0.002054103486544282,39.99777639247101,148.6147752178426,6.236168790318136
0.0023,-40376.90301381395,211.2303905570489,-3.382449974460604e-07,-4.079444092514838e-05,-1.469425190912998e-06,0.01190754360237001,-0.03065448145949622,-0.0009192888940963654,-0.930666695217424,-0.1801313651890803,-0.0181153180526422,21.95502004875857,-112.9719792995657,-3.240490914078968,0.2105867636966183,0.03339291877143884,0.00420280069916527,-37.16921391032898,239.2716140880599,7.901847710905675,0.1329159663124305,-0.3092554051527752,-0.007282904521649309,177.1893871345765,77.69788294959157,6.481996160166985,0.5198748849613655,-0.1235200343674658,0.002676867827958972,35.70105411969378,149.7009321888611,6.216535830940933
0.0024,-40376.86242294795,211.2303905570489,9.356367554593726e-07,-4.386734909359064e-05,-1.560358458027738e-06,0.01356230165236384,-0.03072342070049525,-0.0008965929020363298,-0.9284020996832233,-0.1914151938401464,-0.0184380223798555,23.33521628015728,-112.6962168018016,-3.213355971890866,0.2054963367165127,0.05710197989618856,0.004965562815604811,-64.29122471776766,233.3674706468926,7.304025571531021,0.1504145296862669,-0.3009728419738218,-0.006622629458271087,172.4881901500188,87.8230711888465,6.712710508559026,0.5232293791281583,-0.1084987299243533,0.003297410652732469,31.37512840469234,150.6628053148851,6.19174810141011
0.0025,-40376.83325989593,211.2303905570489,2.374215333026708e-06,-4.693912506524743e-05,-1.648743771320264e-06,0.01519317718701402,-0.03063376049050101,-0.0008685192061496182,-0.9259996519613926,-0.2026706085494406,-0.01875798924702037,24.7119635285857,-112.4037209839524,-3.185743699680848,0.1977285187530648,0.08006641290081735,0.005663605813471475,-90.54747805535894,224.4296318847202,6.611684627079117,0.1674136043424343,-0.2916907909150058,-0.005940362419937503,167.2070424484265,97.67073134386162,6.921441011191919,0.526149910642304,-0.09338747330448877,0.003915217448240994,27.0236131205222,151.4996101451711,6.161827067921754
0.0026,-40376.81587492456,211.2303905570489,3.974272192862176e-06,-4.999410119169085e-05,-1.734062299257662e-06,0.016783862281955,-0.03039020089790967,-0.0008354726004055954,-0.9234597069775062,-0.2138959380369369,-0.01907517111979167,26.08506149046546,-112.0945340414702,-3.15765810344636,0.1873868411054409,0.1019879062731326,0.006287899741020635,-115.6057378120781,212.5771124831621,5.833794157789217,0.1838559381759522,-0.2814386957050494,-0.005238341256032703,161.3617891924321,107.20743256446,7.107432959301142,0.5286341017522628,-0.07819880789531905,0.00452977606631682,22.65014127650198,152.210669099338,6.126798544255243
0.0027,-40376.81048612847,211.230390557049,5.730987789417709e-06,-5.301716524482937e-05,-1.815838291401383e-06,0.01831872609964313,-0.02999911163345311,-0.0007979073764068783,-0.9207826396632995,-0.2250895153577347,-0.01938952086770965,27.45431036059603,-111.7687004784727,-3.129103254616931,0.1746073711906491,0.1225818353974498,0.006830364645029319,-139.1492344172604,197.9637828838315,4.980330124612058,0.1996859621809207,-0.2702493044021138,-0.004518875828077275,154.9702310348513,116.4005781125213,7.270002411688827,0.5306799388976045,-0.06294533948462118,0.005140577157092043,18.25836231477736,152.7954119174755,6.086692668913682
0.0028,-40376.81718248489,211.230390557049,7.638017412790802e-06,-5.599392351838147e-05,-1.893643774539038e-06,0.01978297337163865,-0.0294684487345983,-0.0007563220955572769,-0.9179688449053871,-0.2362496781326314,-0.01970099177071506,28.81951086097888,-111.42626710173,-3.10008328949071,0.1595569942219888,0.1415806628498989,0.007283965765943048,-160.8800085572954,180.7765350953671,4.062162464803492,0.2148499843829225,-0.2581585800825452,-0.003784340773694937,148.0520880857816,125.2185232337045,7.408539294190209,0.5322857742152183,-0.04763972551182395,0.005747114600099556,13.85193931161848,153.2533759127174,6.041543874196011
0.0029,-40376.83592641064,211.230390557049,9.687582463745439e-06,-5.891085499174903e-05,-1.967102710512839e-06,0.02116279458801203,-0.02880765936777854,-0.0007112540599930936,-0.9150187374911037,-0.2473747687780807,-0.02000953752560779,30.18046426955658,-111.0672830144271,-3.070602408666534,0.1424313694791901,0.1587371424165232,0.007642797137990019,-180.5220744574018,161.2331965008601,3.090936094383301,0.229296379798077,-0.2452055997553729,-0.003037167969239233,140.6289563883874,133.630692523216,7.522510316849909,0.5334503267599282,-0.03229466430207769,0.006348885931931245,9.434546064995327,153.5842060909929,5.991390849195534
0.003,-40376.86655542089,211.230390557049,1.187057633039321e-05,-6.175545539193717e-05,-2.035894586537657e-06,0.02244550774377911,-0.02802757511040008,-0.0006632734971906108,-0.9119327520514757,-0.2584631347355168,-0.02031511225244837,31.53697244886441,-110.6917996097192,-3.040664876472198,0.1234525793305085,0.1738273021500709,0.007902152984819708,-197.8243994707285,139.580199561284,2.078945942791364,0.2429757756606,-0.231432441577902,-0.002279838710324955,132.7242567407656,141.6076962732747,7.611461688309392,0.5341726834282174,-0.01692288429362536,0.006945392769938663,5.009864079945586,153.7876551806969,5.936276498277647
0.0031,-40376.90878296247,211.230390557049,1.417668401250126e-05,-6.451637001382904e-05,-2.099757409950961e-06,0.02361969136875056,-0.02714029386638809,-0.000612977467607285,-0.9087113430013308,-0.2695131287000245,-0.02061767050090223,32.88883787459118,-110.2998705641139,-3.01027502038996,0.1028664895850444,0.18665318232878,0.008058586326548291,-212.5636941336919,116.0900109396852,1.039006228135146,0.2558412311462302,-0.2168840605007179,-0.001514875631577355,124.3631757391022,149.1214452564589,7.675021606635455,0.5344522995759173,-0.001537133265938307,0.007536141231586775,0.5815794759505728,153.8635835939839,5.876247896008622
0.0032,-40376.96219870215,211.230390557049,1.659451460414332e-05,-6.71835141652148e-05,-2.158490080059114e-06,0.02467530838106434,-0.02615905041274381,-0.0005609835018882222,-0.9053549844765575,-0.2805231088483396,-0.02091716725652636,34.23586366404406,-109.8915518307185,-2.979437230480716,0.08093984050377011,0.197045304338008,0.008109954230446737,-224.5470029171462,91.05832029065378,-0.01568587779731301,0.2678484108084205,-0.2016081525266102,-0.0007448343889978639,115.5725989600125,156.1452633686145,7.712902505756065,0.5342889993234075,0.01384983242517142,0.008120642349140388,-3.846620157857691,153.8119593266242,5.811356239027615
0.0033,-40377.02626861387,211.2303905570489,1.911174568871413e-05,-6.974818009637782e-05,-2.211954110328606e-06,0.02560382006882837,-0.02509807548304752,-0.0005079229743415628,-0.9018641702685221,-0.2914914390661683,-0.02121355794699837,35.57785360450784,-109.4669016324127,-2.948155958808845,0.05795708900161512,0.2048648463869108,0.008055449150988828,-233.6140809108964,64.80098704256885,-1.071692041497293,0.2789557509382327,-0.185655007826995,2.770486957385834e-05,106.3810362472492,162.6539975280898,7.724903036829616,0.5336829755443457,0.02922525859938653,0.008698412479392298,-8.271048937424386,153.6328577951462,5.741656795042794
0.0034,-40377.10033522098,211.230390557049,2.1715278617909e-05,-7.220312926182431e-05,-2.260074674927427e-06,0.02639828923365128,-0.02397244327779971,-0.0004544342227207737,-0.898239413755656,-0.3024164891748222,-0.02150679844828813,36.91461218148123,-109.0259804550208,-2.916435718870398,0.03421702432159082,0.2100055017465218,0.007895615822147279,-239.6395359473071,37.65074317710274,-2.115479792492425,0.2891246180578704,-0.1690773530209922,0.0008001462183680595,96.81853911955272,168.624124205369,7.710909764269958,0.5326347895359226,0.04457640398420065,0.009268973708148946,-12.68802587118645,153.3264616065802,5.667208848968361
0.0035,-40377.18361835328,211.230390557049,2.439140353544439e-05,-7.454266875193776e-05,-2.302840954872761e-06,0.02705347124133827,-0.02279790735930836,-0.0004011554308996203,-0.8944812478322258,-0.3132966351571724,-0.02179684509077245,38.24594460676101,-108.5688510405837,-2.884281085028196,0.01002918181215369,0.2123949950223313,0.007632353192490344,-242.5347095614931,9.953651462041247,-3.133574417825506,0.2983194587621433,-0.1519301829859212,0.00156988682242785,86.91661037184865,174.0338519393216,7.670898556792836,0.5311453703701084,0.05989055092070257,0.00983185424918597,-17.09387804745165,152.8930602555721,5.588075646155139
0.0036,-40377.27521678853,211.230390557049,2.712597286617665e-05,-7.676271073368597e-05,-2.340305761107351e-06,0.02756589143760146,-0.02159072504605864,-0.0003487173007106943,-0.8905902248343038,-0.3241302593829389,-0.02208365466529376,39.57165684632525,-108.0955783808577,-2.851696691958477,-0.01428991759070781,0.21199623203893,0.007268900938582177,-242.2492641036969,-17.93467806017731,-4.112715157845305,0.3065079401322401,-0.1342705826331279,0.002334325929726627,76.70810600075791,178.8632191838506,7.604935654747007,0.5292160139264322,0.07515501603531508,0.01038658883737997,-21.48494381245764,152.3330497444937,5.504324332660855
0.0037,-40377.37411115841,211.230390557049,2.990458182296468e-05,-7.886081376114948e-05,-2.3725844150149e-06,0.02793390712098617,-0.02036747067033257,-0.0002977355518203255,-0.8865669164629608,-0.334915750833344,-0.02236718442916414,40.89155564793907,-107.6062297112007,-2.818687234115061,-0.03842067100858568,0.2088080594102959,0.006809810160921282,-238.7724377036755,-45.65310523701125,-5.040014867768318,0.3136610799622949,-0.1161575391491511,0.003090873953377252,66.22712964682712,183.0941868222645,7.513178396148858,0.5268483816076169,0.09035716086960133,0.01093271911571814,-25.85757593214639,151.6469321235527,5.416025892528099
0.0038,-40377.47916850516,211.230390557049,3.271275429037389e-05,-8.083620486775248e-05,-2.399852871471416e-06,0.02815775204344157,-0.01914483840143932,-0.0002488033036490863,-0.8824119137047159,-0.345651505325179,-0.02264739211211677,42.20544856836443,-107.1008745050418,-2.785257465218532,-0.0620444051314429,0.2028656109915278,0.006260897965028512,-232.1339241060365,-72.83919533959465,-5.903121988640781,0.3197533660616056,-0.09765174526867498,0.003836961608956399,55.50891980929836,186.7107246867148,7.395875585252417,0.5240444987400029,0.1054844024600256,0.01146979401588559,-30.20814473208367,150.8353149493207,5.323255082071103
0.0039,-40377.58914886693,211.230390557049,3.5536132231653e-05,-8.268978144143734e-05,-2.422345075744717e-06,0.02823956125391188,-0.01793943575872013,-0.0002024834104584385,-0.8781258267492879,-0.3563359257343523,-0.02292423592220785,43.51314399999848,-106.5795844691663,-2.75141219777955,-0.08484745582979299,0.194240220342377,0.005629185763193125,-222.4043311341532,-99.1336487244979,-6.69038330867356,0.3247628639241546,-0.07881539421180815,0.004570049070427735,44.5897301538115,189.6988914270079,7.253367489152753,0.5208067526612001,0.1205242238594655,0.01199737013213236,-34.53304121064365,149.898910661345,5.226090361208435
0.004,-40377.70271424227,211.230390557049,3.836066654115626e-05,-8.442409201949649e-05,-2.440349553563104e-06,0.02818337403465809,-0.01676756943160798,-0.0001593008390651974,-0.8737092849047162,-0.3669674222190123,-0.02319767455167268,44.81445119668654,-106.0424335400798,-2.717156302667014,-0.1065252713582735,0.1830388812466282,0.0049228213032938,-209.6951701793776,-124.1848899129609,-7.391005607263406,0.3286713120923679,-0.05971196698327341,0.00528763510678695,33.50670329831858,192.0469070874234,7.086085449831298,0.5171378904978742,0.1354641845922946,0.01251501208812728,-38.8286801207569,148.8385358774796,5.124613821913647
0.0041,-40377.81844023116,211.230390557049,4.117280703858461e-05,-8.604329532775891e-05,-2.454205243557756e-06,0.027995112724981,-0.01564502557075518,-0.0001197351972870857,-0.8691629365099506,-0.3775444124423683,-0.02346766718274125,46.10918029835615,-105.489497881721,-2.682494708732841,-0.1267864898656685,0.1694032423597848,0.004150984641740443,-194.1583301024389,-147.6537697721446,-7.995213879091552,0.3314642045838184,-0.04040601279432347,0.005987266160393996,22.29773852681799,193.745217772234,6.894551101194978,0.5130410166370487,0.1502919310349614,0.01302229289651509,-43.09150301533163,147.6551106092239,5.018911113888421
0.004200000000000001,-40377.9348305707,211.230390557049,4.395968908615246e-05,-8.755309713364753e-05,-2.464296593020521e-06,0.02768253540090256,-0.01458684729092706,-8.42135390673461e-05,-0.864487448845045,-0.3880653217953565,-0.02373417349341925,47.39714235399892,-104.9208558847709,-2.647432402505166,-0.1453569373787613,0.1535081272921993,0.003323778527475489,-175.9849926633262,-169.218322245277,-8.494403457814787,0.3331308597977315,-0.0209629234288266,0.006666545327025946,11.00135394346541,194.7865518107764,6.679375183022936,0.5085195898948078,0.1649952067141394,0.01351879431090496,-47.31798125102556,146.3496573986164,4.909071367591676
0.0043,-40378.05033467428,211.230390557049,4.670931411876512e-05,-8.896066478594433e-05,-2.471047951371225e-06,0.02725516069578692,-0.01360711270362232,-5.310358804277986e-05,-0.8596835080391508,-0.3985285836193225,-0.02399715366324228,48.67814934239809,-104.3365881677125,-2.611974427959638,-0.1619834883983337,0.1355595779107294,0.002452103950177485,-155.4039533533216,-188.5785048314469,-8.881283024192555,0.3336644753725115,-0.001448702432168191,0.007323141196998583,-0.3434563595107569,195.1659668714686,6.441255946300863,0.5035774203868435,0.1795618625146847,0.01400410717003342,-51.50461894449801,144.9233003780296,4.79518711478182
0.0044,-40378.16336815237,211.230390557049,4.941072122530984e-05,-9.027451967437199e-05,-2.474917310629077e-06,0.026724163512941,-0.01271871734092534,-2.670753379644434e-05,-0.8547518189765654,-0.408932639428899,-0.02425656837901118,49.95201418988758,-103.7367775796069,-2.57612588637302,-0.1764377280494256,0.11579242632591,0.001547521922636978,-132.6793214384421,-205.4608404899618,-9.150005219878386,0.3330621685258294,0.01807026994546712,0.007954796516286118,-11.69736948833987,194.880887521359,6.18097714718053,0.4982186661059081,0.1939798667897453,0.01447783173386133,-55.6479558747752,143.3772642534242,4.677354206744369
0.004500000000000001,-40378.27233613933,211.230390557049,5.205414682135333e-05,-9.150440825412939e-05,-2.476389458130514e-06,0.02610224099575043,-0.01193316530411471,-5.256562857388795e-06,-0.8496931052011732,-0.4192759391352439,-0.02451237884051689,51.21855078437903,-103.121509204232,-2.53989193625289,-0.1885193526860222,0.09446740981273706,0.0006221029062018078,-108.1075861119593,-219.6228686419662,-9.296281423501783,0.3313250014748435,0.03752747507210361,0.00855933662643469,-23.02088460130559,193.9311327837135,5.899405629742462,0.4924478292118885,0.2082373153653695,0.0149395780113823,-59.74457032515644,141.7128732101566,4.555671730378133
0.0046,-40378.37565909181,211.230390557049,5.463116942445993e-05,-9.266115273519493e-05,-2.475968623200555e-06,0.02540344887296978,-0.0112603738317708,1.109371155283479e-05,-0.8445081088196896,-0.4295569412697455,-0.02476454676626176,52.47757398498018,-102.4908703647525,-2.503277793320604,-0.1980592452718175,0.07186785259751674,-0.0003117343620633791,-82.01405166272559,-230.8573052978412,-9.317477206160902,0.3284579916055683,0.05685649650220982,0.00913467764223461,-34.27447668883978,192.3189333106176,5.597488500858923,0.4862697520408769,0.2223224414317766,0.01538896607993695,-63.79108185850146,139.9315497382398,4.430241922292729
0.0047,-40378.47180056477,211.230390557049,5.713483659594728e-05,-9.375648302048356e-05,-2.474170715819947e-06,0.02464300916481781,-0.01070849619442826,2.226676200741323e-05,-0.8391975904041773,-0.4397741132081944,-0.025013034399181,53.72889962684615,-101.8449506274723,-2.466288730501557,-0.2049221630185673,0.04829594875316882,-0.001241392535030373,-54.74866303697943,-238.9958078624706,-9.212685090991773,0.3244701061370755,0.07599126173422713,0.009678834326606474,-45.41875248819829,190.0489378598487,5.276249903752346,0.4796896128401882,0.2362236253130175,0.01582562639584085,-67.78415402117074,138.0348133711514,4.301170081019875
0.0048,-40378.55929632671,211.230390557049,5.955977125742349e-05,-9.480285197408058e-05,-2.471515270799072e-06,0.02383709118711341,-0.01028376785232526,2.826745520261874e-05,-0.8337623288943204,-0.44992593139524,-0.02525780451236206,54.97234452155035,-101.1838418025453,-2.42893007784918,-0.2090089778792134,0.02406869102502262,-0.002154271380261734,-26.68126341516725,-243.9122395814421,-8.98277151155132,0.3193742411079286,0.09486628407417956,0.01018992762298508,-56.41460769060352,187.1282088438316,4.936787400317503,0.4727129212366427,0.2499294041060069,0.01624920009614093,-71.72049697373436,136.0242793292338,4.168564477354532
0.0049,-40378.63678405013,211.2303905570489,6.190225483336996e-05,-9.58132365909486e-05,-2.468517224779424e-06,0.02300256878335494,-0.009990380633127953,2.918303032794892e-05,-0.8282031214998673,-0.4600108815687035,-0.02549882041475084,56.20772645428143,-100.5076379389683,-2.391207222302764,-0.2102584157016008,-0.0004864991631195957,-0.003037946837340637,1.803653460607421,-245.5253324498621,-8.630395303130259,0.3131871845989548,0.1134169035029935,0.01066619180666997,-67.22338454944375,183.5662068007287,4.580267975904513,0.4653455134454413,0.2634284811788642,0.01665933929131175,-75.59687005104442,133.9016570561751,4.03253626271921
0.005,-40378.70303270951,211.230390557049,6.416028501409447e-05,-9.680092810070616e-05,-2.465678664733482e-06,0.02215675769770705,-0.009830389281934681,2.518265006477236e-05,-0.8225207836034641,-0.4700274589830336,-0.02573604595682262,57.43486418049149,-99.81643531103445,-2.353125607163972,-0.2086482471870919,-0.0250363754649498,-0.003880350440887785,30.31261256599745,-243.8006560453183,-8.159995666083576,0.3059295641980398,0.1315795254343253,0.01110598121816598,-77.80702895077421,179.3747637200668,4.207923683989692,0.4575935472264338,0.2767097355172419,0.01705570734868477,-79.41008426019037,131.6687486360879,3.893199375298126
0.0051,-40378.75697072511,211.230390557049,6.633360637291136e-05,-9.777931444733553e-05,-2.463480694766469e-06,0.02131713791931898,-0.009803654103996955,1.651546225883092e-05,-0.816716148663769,-0.4799741686309104,-0.02596944553618364,58.65357742596455,-99.11033239399929,-2.314690731185446,-0.2041958931884013,-0.04924663037218326,-0.004669945970557352,58.4491453290495,-238.7518132180363,-7.577748295505236,0.2976257788087999,0.1492918562470068,0.01150777654346791,-88.12824596521904,174.5680452337791,3.821046951885434,0.4494634965934032,0.2897622309060818,0.01743797916637138,-83.15700473136471,129.3274470805634,3.750670443546374
0.005200000000000001,-40378.79771180553,211.230390557049,6.842371259795827e-05,-9.876165892150556e-05,-2.462375572281716e-06,0.0205010666227614,-0.009907822574182181,3.507151567925864e-06,-0.8107900681182713,-0.4898495254618334,-0.02619898410305971,59.86368689515538,-98.38942982821885,-2.275908147207859,-0.196958418121282,-0.07278673810855707,-0.005395900099988833,85.81997577980928,-230.4408016032278,-6.891489249955257,0.288303915004996,0.1664931344810811,0.01187019060854307,-98.15065286936441,169.1625017550644,3.420985572193451,0.4409621462801609,0.3025752249333546,0.01780584143739405,-86.83455314211605,126.8797344807359,3.605068686588853
0.0053,-40378.82457737114,211.230390557049,7.043381969746364e-05,-9.976087896217197e-05,-2.462779264452884e-06,0.01972548794610789,-0.01013835175475449,-1.344499434883253e-05,-0.8047434112847379,-0.4996520545965541,-0.02642462716562521,61.06501429248375,-97.6538303733408,-2.236783460360183,-0.1870318980324394,-0.09533479069282881,-0.006048243820548404,112.0412719666617,-218.9775019071974,-6.110607095449172,0.2779956482349271,0.1831243565980197,0.0121919736579066,-107.8389286128754,163.1768087115822,3.009137407885963,0.43209658596498,0.315138177802229,0.01815899290368915,-90.43971013766537,124.3276800289057,3.456515811036982
0.0054,-40378.83711442279,211.230390557049,7.236881018717985e-05,-0.0001007893292724565,-2.465064571151482e-06,0.01900664624041676,-0.01048857218802735,-3.387843246525379e-05,-0.7985770652597746,-0.5093802915365016,-0.02664634079513174,62.25738235964687,-96.90363885674142,-2.197322325937322,-0.1745501637279497,-0.1165822384899966,-0.006618021519078668,136.7448211614216,-204.518278936662,-5.245904862658272,0.2667361292824209,0.1991284962233976,0.01247201809012026,-117.1589587227745,156.6317960798384,2.586944841521581,0.4228742042526278,0.3274407609391358,0.01849714459960144,-93.96951776687071,121.6734379262061,3.305135903907654
0.005500000000000001,-40378.83510781443,211.230390557049,7.4235148945547e-05,-0.0001018585933997774,-2.469554950945935e-06,0.01835980955728505,-0.01094979266894899,-5.727300781647881e-05,-0.7922919348128086,-0.5190327823679023,-0.02686409163081267,63.44061492902503,-96.13896212239729,-2.157530447159335,-0.1596829338001551,-0.1362384464801612,-0.007097424793080059,159.5839845641531,-187.2637081979951,-4.309434342578917,0.2545638564903721,0.2144507158139873,0.01270936262621091,-126.077974682995,149.5503674916743,2.155889001070667,0.4133026824116059,0.3394728653874702,0.01882002008447068,-97.42108194419556,118.9192452042575,3.151055321629422
0.0056,-40378.81858613991,211.230390557049,7.604077209863687e-05,-0.0001029792878062462,-2.476519172714779e-06,0.01779900999565574,-0.01151144401974115,-8.305973153870406e-05,-0.7858889422739697,-0.5286080839609809,-0.02707784688456361,64.61453698965525,-95.35990898688263,-2.117413573062223,-0.142633366815119,-0.1540349801295956,-0.007479908387594451,180.2392903319874,-167.4554682078411,-3.314306164252325,0.2415205343458219,0.2290385697217324,0.01290319589033439,-134.5646869032395,141.9574092605043,1.717483796187185,0.4033899878637887,0.3512246099799873,0.01912735566392733,-100.7915749338954,116.0674194960441,2.994402575512143
0.0057,-40378.7878208482,211.230390557049,7.779495094467817e-05,-0.0001041608822037257,-2.486166897253675e-06,0.01733680710416119,-0.01216125875342554,-0.0001106304948752002,-0.7793690274148776,-0.5381047641652787,-0.02728757434542511,65.77897475924044,-94.5665902078008,-2.076977496749161,-0.1236350757337576,-0.1697295401217294,-0.007760286025930523,198.4235328140882,-145.3724649590947,-2.274479895336753,0.2276509191097242,0.2428421976660882,0.01305285938544835,-142.5894104866206,133.8796897702765,1.273269799706432,0.3931443674248268,0.3626863492866791,0.01941890059957311,-104.0782378369925,113.1203567914214,2.835308214437319
0.0058,-40378.74331868198,211.2303905570489,7.950813351946911e-05,-0.0001054115395569314,-2.498645271689818e-06,0.01698407984880964,-0.01288548239313749,-0.0001393484908638113,-0.7727331473221215,-0.5475214020025411,-0.02749324238391344,66.93375575435562,-93.75911846708112,-2.036228054147122,-0.1029486602523014,-0.1831094731214145,-0.007934804366661802,213.8862604969989,-121.3262788356775,-1.204539037106523,0.2130026522484978,0.2558145076757877,0.01315784985027568,-150.1241831061488,125.3457497828675,0.8248080099134525,0.3825743402963901,0.3738486813382716,0.01969441730681479,-107.2783830490105,110.080529204953,2.673904705782956
0.0059,-40378.68580798258,211.230390557049,8.119176691444009e-05,-0.0001067379786823532,-2.514036595426437e-06,0.01674985174337004,-0.01366911127031117,-0.0001685590952352331,-0.7659822762640064,-0.5568565878586951,-0.02769481995625454,68.07870885184589,-92.93760836822931,-1.995171123297184,-0.08085782363435783,-0.1939947958888649,-0.008001193833351829,226.4175545929026,-95.65604437154411,-0.1194562150334249,0.1976260824884944,0.2679113476226617,0.01321782098743104,-157.1428743922739,116.3857843401829,0.3736735298919072,0.3716886908150246,0.3847024551276697,0.01995368154072969,-110.3893966507348,106.9504827701887,2.510326315649188
0.006,-40378.61621972763,211.230390557049,8.285810386814312e-05,-0.0001081453618109936,-2.532357090736865e-06,0.01664115265197157,-0.01449615090602779,-0.0001976009483175051,-0.7591174055517522,-0.566108923676187,-0.02789227660857288,69.21366433694304,-92.10217644394913,-1.953812624098407,-0.05766514933372088,-0.2022406819957233,-0.007958695609668488,235.8510233618643,-68.72288856203588,0.9656459267714044,0.181574077370043,0.2790916645438243,0.01323258455625406,-163.621286309953,107.031517050613,-0.07855079895531142,0.3604964609662432,0.3952387778923093,0.02019648256994463,-113.4087406969408,103.7328352591108,2.344708989288833
0.0061,-40378.53566434058,211.230390557049,8.45199974448344e-05,-0.0001096372088635587,-2.553556785089938e-06,0.01666291957158442,-0.01534988861930485,-0.0002258169807519012,-0.7521395433966177,-0.5752770231474849,-0.02808558248107422,70.33845393682637,-91.25294116927031,-1.912158518356628,-0.03368761896198497,-0.2077393736012721,-0.007808064647997549,242.0659628430855,-40.90406325085611,2.035732640525645,0.1649018252265038,0.2893176510327843,0.01320211082763998,-169.5372440650991,97.31606764096442,-0.5302807714742752,0.3490069426756365,0.4054490221794919,0.02042262333858746,-116.3339553776619,100.4302740126455,2.177190232332016
0.006200000000000001,-40378.44540535931,211.230390557049,8.619068778246001e-05,-0.0001112153395348546,-2.577520486887245e-06,0.01681793745323126,-0.01621317381925381,-0.0002525651371586406,-0.7450497147643869,-0.5843595119100411,-0.02827470831224421,71.45291084114884,-90.39002297547518,-1.870214809971446,-0.009251956765103785,-0.2104214946458945,-0.007551549081563359,244.9886612544046,-12.58691110661713,3.076088553687026,0.1476666285570232,0.2985548780720172,0.0131265284019592,-174.8706771341258,87.27381371552394,-0.979937163399458,0.3372296698907108,0.4153248326948384,0.02063192061641103,-119.1626610396653,97.04555376080312,2.007908993028306
0.0063,-40378.34683102842,211.230390557049,8.788358493548068e-05,-0.0001128798436274095,-2.604069812521666e-06,0.01710681989226326,-0.01706869952186061,-0.0002772285724763753,-0.7378489612283878,-0.59335502774258,-0.02845962544306851,72.55686971278396,-89.51354426126035,-1.827987545117523,0.01531011328889596,-0.2102567558225955,-0.007192846937260143,244.5928504735627,15.83719706637596,4.072537904491241,0.1299276897996787,0.306772413775889,0.01300612339496009,-179.60369006593,76.94024769239557,-1.425952008347726,0.3251744104677035,0.4248581329316525,0.02082420513719312,-121.8925600684612,93.58149440985336,1.837005545412423
0.0064,-40378.24142482585,211.230390557049,8.961205176091268e-05,-0.0001146290794392267,-2.63296620138252e-06,0.01752802837213862,-0.01789927896648599,-0.0002992251239313721,-0.73053834082183,-0.6022622207622932,-0.02864030582126771,73.65016669260474,-88.62362939907491,-1.785482812320696,0.03966661332960875,-0.2072540552326193,-0.00673704150066511,240.8993324139875,43.97882303771678,5.011649327642345,0.1117458905438372,0.3139429276104963,0.01284133800028966,-183.7206227699071,66.35182988914353,-1.866774770428989,0.3128511578770187,0.4340411315768091,0.02099932172549351,-124.5214386405201,90.04097877765743,1.664621373092104
0.006500000000000001,-40378.13073586501,211.230390557049,9.138919060990839e-05,-0.0001164596994207067,-2.66391483730794e-06,0.01807792773583666,-0.01868811175734337,-0.0003180158954864704,-0.7231189278898669,-0.611079753622395,-0.02881672200553265,74.73263940175968,-87.72040473593951,-1.742706742376716,0.06348997977169346,-0.2014609912150521,-0.006190517071731673,233.9748296254212,71.45620092604192,5.880921704988671,0.09318356524569726,0.3200427797537178,0.01263276844087429,-187.2081000788188,55.54583871353664,-2.300878377363036,0.3002701227395995,0.442866328687184,0.02115712941181154,-127.0471683602797,86.42695026461996,1.490899053273835
0.0066,-40378.01635002883,211.230390557049,9.322763730808e-05,-0.0001183667017906954,-2.696569380479813e-06,0.01875087472472603,-0.01941903467566482,-0.0003331128289907182,-0.715591812941478,-0.619806301709481,-0.02898884716974306,75.80412694408233,-86.80399858901656,-1.699665508098801,0.086461579254693,-0.1929628150474109,-0.005560857159667375,223.9301272263469,97.90065239834033,6.6689483913051,0.07430427052807341,0.3250520953532037,0.01238116232481705,-190.0550704597645,44.56021888885943,-2.726765081147263,0.2874417242049627,0.4513265216297331,0.02129750153614828,-129.4677077973596,82.74241045448711,1.315982140661649
0.0067,-40377.89986258418,211.230390557049,9.51393655548536e-05,-0.0001203435063558396,-2.730537403106084e-06,0.01953933579235384,-0.02007675314695091,-0.0003440851748894567,-0.7079581025010503,-0.6284405533401982,-0.02915665510715242,76.86446991032726,-85.87454123672823,-1.656365323905312,0.1082760052169629,-0.1818808607353841,-0.004856727393470653,210.9175867583541,122.9615914815631,7.365557947614867,0.05517255115374436,0.3289548235314897,0.01208741542464483,-192.2528338359953,33.4334286123752,-3.142972115847469,0.2743765811801275,0.4594148107780814,0.02142032583994387,-131.7811039374253,78.99041664491295,1.14001505094706
0.0068,-40377.78285289268,211.230390557049,9.713550446655076e-05,-0.0001223820524200855,-2.765386415457705e-06,0.0204340299813426,-0.02064705025043137,-0.0003505648131914649,-0.7002189189594126,-0.6369812099568266,-0.02932012023452412,77.91351038510074,-84.93216490639664,-1.612812445271679,0.1286450966063638,-0.1683704967510983,-0.004087745570144402,195.1281215058413,146.3110523686076,7.961930319820895,0.03585370376087434,0.3317387810756787,0.01175256790164755,-193.7950585722493,22.20428651277273,-3.548077124840484,0.2610855034174777,0.4671246049587157,0.02152550454633769,-133.9854935567719,75.17407931168023,0.9631429437158381
0.006900000000000001,-40377.66686168159,211.230390557049,9.922617155112212e-05,-0.0001244729164059259,-2.800650365744378e-06,0.02142409244247168,-0.02111697107239797,-0.0003522504106244052,-0.6923754004240302,-0.6454269863214774,-0.02947921759620675,78.95109195674465,-83.97700375933509,-1.569013168074447,0.1473016295181311,-0.1526186502616626,-0.003264341329506474,176.7877273092437,167.6476930488571,8.450688150517852,0.0164135394392945,0.3333956808340442,0.01137779999967674,-194.6777877628516,10.91181923828695,-3.940703332715646,0.2475794824687732,0.4744496266404175,0.02161295442868704,-136.0791045270842,71.29655951268582,0.7855116047012838
0.007,-40377.55337117491,211.230390557049,0.0001014203229550451,-0.0001266054466345651,-2.835836497582586e-06,0.02249725416104372,-0.02147498108449638,-0.0003489104311043092,-0.6844287005680636,-0.6537766107086935,-0.02963392286813902,79.97705973004423,-83.00919387416477,-1.524973827853674,0.1640026420682126,-0.1348409581413269,-0.002397607940040831,156.1536632355389,186.7002462988057,8.825963576159884,-0.003081853791695969,0.333921144923336,0.01096442723510442,-194.8994350424387,-0.4048895290322445,-4.31952443997279,0.2338696825120608,0.4813839168612529,0.02168260686727795,-138.0602570537002,67.36106623864003,0.6072673273983944
0.0071,-40377.4437882243,211.230390557049,0.0001037256223833309,-0.0001287679126228252,-2.87043245196524e-06,0.02364003361222116,-0.02171109803329043,-0.0003403850427741599,-0.6763799884780213,-0.6620288250963103,-0.02978421236177749,80.9912603414222,-82.02887322894433,-1.480700799015694,0.1785323621652389,-0.1152786010019014,-0.001499148614274497,133.5103731781652,203.2304067000714,9.083441418473196,-0.02256634756919324,0.3333147029282377,0.01051389511168218,-194.460770212403,-11.7068478767083,-4.683269221597053,0.2199674310580332,0.4879218398881455,0.02173440789416672,-139.9273648483681,63.37085371734629,0.4285567941135547
0.007200000000000001,-40377.33943042994,211.230390557049,0.0001061483296774893,-0.0001309476662412232,-2.903913506137418e-06,0.02483793636298382,-0.02181699752867046,-0.0003265869853292102,-0.6682304484997792,-0.6701823853544824,-0.02993006302794216,81.99354197620062,-81.03618168252684,-1.436200493993375,0.1907047167038456,-0.09419487680131264,-0.000580919656346192,109.1652332020066,217.0351572775016,9.220380115331999,-0.04197400783417658,0.3315797753479943,0.01002777339078501,-193.3648950414166,-22.95530156979966,-5.030725813521513,0.2058842095423872,0.4940580876047221,0.02176831822610066,-141.6789362359955,59.32921867784717,0.249526956561781
0.0073,-40377.24151511466,211.2303905570489,0.0001086932096559276,-0.0001331313121285593,-2.935749849031081e-06,0.02607565903888822,-0.02178609309607072,-0.0003075014759413668,-0.6599812800827812,-0.6782360614328157,-0.03007145246057616,82.98375438750926,-80.03126095541616,-1.391479362376449,0.2003654088056402,-0.07187156954640113,0.0003449274087919025,83.44420096746704,227.9485516459495,9.235612047969113,-0.06123932657747656,0.3287236426142777,0.009507749948977877,-191.6172096555652,-34.11187639762284,-5.360745673890048,0.191631643810834,0.4997876836237148,0.02178431328547907,-143.3135751941301,55.2394975799669,0.07032491614302117
0.0074,-40377.15115091197,211.230390557049,0.000111363461485267,-0.0001353048848604374,-2.965413801325692e-06,0.02733729454315641,-0.02161359190069041,-0.0002831852409722215,-0.6516336976222774,-0.6861886375455657,-0.03020835890041744,83.96174891645845,-79.01425461028919,-1.346543890020765,0.207393556897339,-0.04860516647212273,0.001266202753247631,56.68743362028493,235.8429770013941,9.129525111548073,-0.08029744976528962,0.3247574000684697,0.008955624256007004,-189.2253699828046,-45.13871634473766,-5.672247208887771,0.1772214945035612,0.5051059871207154,0.02178238320932926,-144.8299823237301,51.10506381406221,-0.1089021959634091
0.007500000000000001,-40377.06933165656,211.230390557049,0.0001141606685645589,-0.0001374540305086974,-2.992386897225526e-06,0.0286065359193985,-0.02129652765936748,-0.0002537647642615007,-0.6431889302994896,-0.6940389123548736,-0.03034076123858032,84.92737851325023,-77.98530803227577,-1.301400598142399,0.2117028955296972,-0.0247029741461223,0.002170832431101517,29.24492985127873,240.6299298556734,8.904027454055012,-0.09908440057403747,0.3196958993453302,0.008373300507200322,-186.1992367578291,-55.99861702657346,-5.964219055695704,0.162665647346088,0.5100086963865272,0.02176253284628639,-146.2269557500392,46.92932487525383,-0.2880073387454943
0.0076,-40376.99693221886,211.230390557049,0.0001170847686691466,-0.0001395641903923109,-3.016166754177992e-06,0.02986687675618404,-0.02083377243318523,-0.0002194338417471147,-0.6346482219196274,-0.7017856991520208,-0.03046863902004592,85.88049775896233,-76.94456840903929,-1.256056042400462,0.2132425428675948,-0.0004791805009880526,0.003047008244058633,1.472241077568231,242.2603402158369,8.562497288015887,-0.1175372971168554,0.313557676663155,0.007762780444867863,-182.5508166272238,-66.65515388779924,-6.235723017828411,0.1479761033535534,0.5144918520957661,0.02172478174158016,-147.5033919529507,42.71571951614364,-0.4668436812039585
0.0077,-40376.93470590561,211.230390557049,0.0001201340439157957,-0.0001416207849953344,-3.036273665574948e-06,0.03110180651470557,-0.02022602905286251,-0.0001804505273105469,-0.6260128307476972,-0.7094278260366815,-0.03059197244706041,86.82096288779324,-75.89218471067043,-1.210516811970989,0.2119973437452109,0.02374909389704509,0.003883331888704694,-26.27371355188867,240.7244811941378,8.109719577598087,-0.1355945638994823,0.3063648685677703,0.00712615590363464,-178.2941959211519,-77.07280472125706,-6.485896650704851,0.1331649689554979,0.5185518402897559,0.02166916411004559,-148.6582865270555,38.46771488211613,-0.6452647219466638
0.007800000000000001,-40376.88328304677,211.230390557049,0.0001233051299720878,-0.0001436093962028834,-3.052256859640101e-06,0.03229499959782931,-0.01947580588529715,-0.0001371335469216626,-0.6172840293420687,-0.716964136094155,-0.03071074238244012,87.74863180960472,-74.82830766938943,-1.1647895286133,0.207987800157217,0.04766571573783952,0.00466895215957825,-53.63870289889603,236.0515001381859,7.551811238776463,-0.1531961363010859,0.2981431157189036,0.006465601114726892,-173.445467677041,-87.21706612608071,-6.713955497760816,0.1182444460481423,0.5221853950721893,0.02159572879719082,-149.6907348725506,34.18880363388277,-0.8231244083618032
0.007900000000000001,-40376.84317040427,211.230390557049,0.0001265930438353616,-0.0001455159461723939,-3.063700374959281e-06,0.03343049735294264,-0.01858737552187421,-8.985824827872528e-05,-0.6084631043857762,-0.7243934875705593,-0.03082493035278307,88.66336413263615,-73.75308975904309,-1.118880845729568,0.2012696031654317,0.07095939392468228,0.005393694136459987,-80.27509284067105,228.3086046868152,6.896136281500915,-0.1702836574348905,0.2889214553425542,0.005783364804082476,-168.0226525130317,-97.05456358460988,-6.919194979713966,0.1032268219809878,0.5253896010165325,0.02150453922837323,-150.5999328192491,29.88250106309689,-1.000277255157693
0.008,-40376.81475105817,211.230390557049,0.0001299912294426763,-0.0001473268713072582,-3.070228509295846e-06,0.03449288250022164,-0.01756671877739886,-3.905214208226521e-05,-0.5995513565155415,-0.7317147540459635,-0.03093451855158604,89.56502118629609,-72.66668517437967,-1.072797447417979,0.1919327815890828,0.09332743667520256,0.006048179415878433,-105.8455974039945,217.5999331117245,6.151212088861473,-0.1868006668036922,0.2787322030019816,0.005081762118784098,-162.0456139546339,-106.5531548980242,-7.1009919417203,0.08812445948429244,0.5281618952848087,0.02139567334615928,-151.385177186916,25.5523422088135,-1.176578461982269
0.0081,-40376.79828444729,211.230390557049,0.0001334916203354059,-0.0001490292899278736,-3.071510803375735e-06,0.0354674456949295,-0.01642145515332834,1.480992032441241e-05,-0.5905501001485169,-0.7389268246054352,-0.03103948984226667,90.45346604396029,-71.56924981008444,-1.02654604751958,0.1801004836846327,0.1144793805470272,0.006623936554232282,-130.0268655066108,204.0651333342237,5.326607786718635,-0.2026927802258173,0.2676108243629494,0.004363166415738415,-155.5359688174745,-115.682026779473,-7.258805865097435,0.07294978654360461,0.5305000694582952,0.02126922353597678,-152.0458662857107,21.20187898544342,-1.351884029715794
0.008200000000000001,-40376.79390625531,211.230390557049,0.0001370847185816622,-0.0001506111623379239,-3.067266525230964e-06,0.0363403440639473,-0.01516076066064512,7.121089920927807e-05,-0.5814606633067494,-0.7460286040079803,-0.03113982776108995,91.32856354572361,-70.46094123956068,-0.9801333886588407,0.1659274084877606,0.1341404633420473,0.007113500973222161,-152.5128995841667,187.8776695411017,4.432835424291591,-0.2179078605671871,0.2555957976460871,0.003630000945764611,-148.5169932426209,-124.4117844601541,-7.392179752022446,0.05771528622715029,0.5324022710818974,0.02112529654021612,-152.5815003600249,16.83467733664542,-1.526050874856766
0.0083,-40376.80162784339,211.230390557049,0.0001407596891481954,-0.0001520614420600026,-3.057268623533879e-06,0.03709875160340934,-0.01379527363571221,0.0001295970247636042,-0.5722843874393722,-0.7530190128533473,-0.03123551651999843,92.1901803210679,-69.34191869344355,-0.9335662412778643,0.1495979037677994,0.1520549144552475,0.007510503639090601,-173.0183033833402,169.2428697781097,3.481234476226103,-0.2323961788743415,0.2427284674709186,0.002884730465333926,-141.0135249691953,-132.7145342176782,-7.500740693131051,0.04243348647159962,0.5338670049256243,0.02096401336100542,-152.9916819764186,12.45431443386027,-1.698936941198785
0.008400000000000001,-40376.82133496125,211.230390557049,0.0001445044689023441,-0.0001533702170650663,-3.041347120278243e-06,0.03773100128972019,-0.01233698893513648,0.0001893835458513916,-0.5630226272425357,-0.759896987746669,-0.03132654100934552,93.03818481141823,-68.21234303783785,-0.8868514026642033,0.1313237478110926,0.1679890372976693,0.007809747868467382,-191.2813554857008,148.3957226658176,2.483850002394209,-0.2461105655610262,0.2290528908025514,0.002129852807138401,-133.0518624123792,-140.5639587866141,-7.584200129245048,0.02711694983186657,0.5348931339686696,0.02078550915197637,-153.2761163502815,8.064375941534735,-1.870401307766413
0.008500000000000001,-40376.85278558116,211.230390557049,0.0001483058894061394,-0.0001545288398470299,-3.019391914363601e-06,0.03822671864682922,-0.01079914068007916,0.0002499607595974045,-0.5536767504770885,-0.7666614814609148,-0.03141288680053127,93.87244729256882,-67.07237675227439,-0.8399956959722449,0.1113416326706592,0.181734058988411,0.008007273639569443,-207.0669028315273,125.598426827448,1.45330467408561,-0.2590065513568173,0.2146156757135957,0.001367890439484916,-124.6596610939712,-147.935385657906,-7.642353819534232,0.01177826320154331,0.5354798801139312,0.02058993309945214,-153.4346115949011,3.668453370586673,-2.040304291850397
0.0086,-40376.89560700647,211.2303905570489,0.0001521498126317099,-0.0001555300452010822,-2.991354968358762e-06,0.03857694633745778,-0.009196073552238717,0.0003107003156209215,-0.544248137784022,-0.7733114630971238,-0.03149454014853997,94.69283989696649,-65.92218390738346,-0.7930059692381839,0.08991036724478711,0.1931087226631588,0.008100408803284503,-220.1690648299964,101.1376930819165,0.4026648036433191,-0.2710424977798204,0.1994658136709702,0.0006013820432315542,-115.8658279479941,-154.8058483165487,-7.675081529278785,-0.003569972487113651,0.5356268246427868,0.02037744829360629,-153.4670788606795,-0.7298584674777775,-2.208507546166358
0.008700000000000001,-40376.94929301419,211.2303905570489,0.000156021278673631,-0.0001563680545574777,-2.957251851239416e-06,0.03877425911653174,-0.007543102537045408,0.000370961789178909,-0.5347381824976953,-0.7798459182423915,-0.03157148799437891,95.49923663584563,-64.76193014228868,-0.7458890943886647,0.06730781970465989,0.2019615976047943,0.008087806600298106,-230.4137338107863,75.32179724785198,-0.6546994934488626,-0.2821797169464161,0.183654506050286,-0.000167125866370841,-106.7004139960032,-161.1541405052297,-7.68234645104285,-0.01891515257059258,0.5353339084204356,0.02014823159021887,-153.3735323146249,-5.126963916877913,-2.374874149951174
0.008800000000000001,-40377.01320265063,211.2303905570489,0.0001599046644550163,-0.0001570386657084912,-2.91716261052298e-06,0.03881286821546516,-0.005856360976943604,0.0004300995147520262,-0.525148290456853,-0.7862638491255816,-0.03164371796741771,96.29151342121337,-63.59178264172899,-0.6986519662432574,0.04382762048262985,0.2081730821127292,0.007969468904594731,-237.6608518762975,48.47738079600059,-1.705259814038863,-0.2923825805790211,0.1672349855699243,-0.0009350872469770159,-97.19450585631766,-166.9608636354427,-7.664194373506634,-0.03424467895003864,0.5346014318594111,0.01990247346361606,-153.1540889000906,-9.519268896095349,-2.539268695455632
0.0089,-40377.08656294801,211.230390557049,0.000163783852316724,-0.0001575393267528664,-2.871231948289011e-06,0.03868871393306664,-0.004152636849414365,0.000487469665565685,-0.5154798798134526,-0.7925642747707372,-0.03171121838762756,97.06954808768872,-62.4119101129225,-0.6513015015110379,0.01977564932940038,0.2116570737639945,0.007746754637490334,-241.8064379877362,20.94599778782629,-2.735480337890082,-0.3016186181176796,0.1502623333231975,-0.001699964741072168,-87.38011651892512,-172.2084674967534,-7.620752612442831,-0.04954597035061069,0.5334300546412165,0.01964037785112775,-152.8089678287553,-13.90318338135748,-2.701557373678375
0.009000000000000001,-40377.16847736955,211.2303905570489,0.0001676424072416296,-0.0001578691930783741,-2.819668677409844e-06,0.03839954491256155,-0.002449197328132112,0.0005424375552069141,-0.5057343808393152,-0.798746231148166,-0.03177397826771991,97.83322041420452,-61.2224827621924,-0.6038446377816762,-0.004533667114917385,0.2123622816702945,0.007422372837016715,-242.7843327625724,-6.919590331409918,-3.731973528831435,-0.3098586038828061,0.1327932920705736,-0.002459237769465582,-77.29007578382952,-176.8812844394543,-7.55222871837553,-0.06480647251578969,0.5318207951831396,0.01936216198888038,-152.3384898039733,-18.27512409564926,-2.861608065463049
0.0091,-40377.25793954796,211.2303905570489,0.0001714637612992363,-0.0001580291662184928,-2.762744437247628e-06,0.0379449823071667,-0.0007636019247385709,0.0005943851250822317,-0.4959132357306117,-0.8048087713231756,-0.03183198731518389,98.58241214558595,-60.02367227138387,-0.5562883325116118,-0.0287812172231141,0.2102731556977125,0.007000359931724047,-240.5676224624566,-34.75936544343025,-4.681659877247631,-0.3170766332744456,0.1148860764353066,-0.003210410484747273,-66.95792072562382,-180.9655572258799,-7.458908975341134,-0.08001366831140536,0.5297750298220867,0.01906805623803514,-151.7430760529064,-22.63151753301458,-3.01929044463445
0.0092,-40377.35384869631,211.230390557049,0.0001752314037030629,-0.0001580219134633218,-2.700791652393397e-06,0.03732656680321,0.0008864951590211677,0.0006427185663891347,-0.486017898410198,-0.8107509656024428,-0.03188523593422223,99.31700701402524,-58.81565177411141,-0.5086395620061271,-0.0526471916074087,0.2054104085816085,0.006486040861567188,-235.1696985824795,-62.21023540088095,-5.571930578999405,-0.3232501880279309,0.09660018062539763,-0.003951019564533809,-56.4177865115075,-184.4494607613643,-7.341156704900032,-0.09515508772637096,0.5272944916765367,0.01875830389995349,-151.0232473212303,-26.96880336361402,-3.174476097162828
0.009300000000000001,-40377.45502155967,211.230390557049,0.0001789290746598783,-0.0001578518671866886,-2.634200723969801e-06,0.0365477863042305,0.002483552422240402,0.0006868760081960079,-0.4760498343278066,-0.816571901677998,-0.03193371522758512,100.0368907604785,-57.59859583188984,-0.4609053203984372,-0.07581515693961002,0.1978311086175363,0.005885973815924166,-226.644905915841,-88.9104264016197,-6.390811692788072,-0.328360190576747,0.07799618428303376,-0.00467864182572728,-45.70429786424541,-187.3231179275506,-7.199410389149287,-0.1102183177756514,0.5243812691493639,0.01843316101860257,-150.1796230071098,-31.28343812555135,-3.327038654554539
0.0094,-40377.56019807902,211.230390557049,0.000182540960963909,-0.0001575252029788737,-2.563416450754195e-06,0.03561408200376733,0.004010356665660291,0.0007263351849752099,-0.4660105202581022,-0.8222706847688208,-0.03197741699830191,100.7419511560168,-56.37268041022045,-0.413092618627338,-0.09797617279057691,0.1876283233012845,0.005207878523009574,-215.0887304804763,-114.5040527537907,-7.127127940863249,-0.3323910476007799,0.05913555703988752,-0.005390901642363666,-34.85246142603494,-189.5786097490535,-7.034181625994668,-0.1251910123277929,0.5210378040514265,0.01809289616904258,-149.2129205493235,-35.5718989835938,-3.476853933382395
0.0095,-40377.66804277256,211.230390557049,0.0001860518910606317,-0.0001570497958535565,-2.488933686974759e-06,0.03453283060682093,0.005450244731961078,0.0007606209784526177,-0.4559014440966033,-0.8278464377600422,-0.03201633375131058,101.432078023171,-55.1380828547271,-0.3652084834155245,-0.1188329030357053,0.1749302980667782,0.004460548227751516,-200.6374796010249,-138.6458203332214,-7.770663930678401,-0.335330682861954,0.04008046233322308,-0.006085478150926213,-23.89755924427529,-191.2099801301789,-6.846052929406273,-0.1400609018855161,0.5172668893526451,0.01773779023192609,-148.1239550625487,-39.83068729936702,-3.623800069768726
0.009600000000000001,-40377.77714725211,211.2303905570489,0.0001894475270852732,-0.0001564351540324815,-2.411292255063672e-06,0.03331330061457277,0.006787328749803429,0.000789312710917929,-0.4457241046534681,-0.8332983013397663,-0.03205045869498502,102.1071632573149,-53.89498186746782,-0.3172599562514644,-0.1381036687107819,0.1598991592346402,0.003653745736873893,-183.467409929717,-161.0058078911443,-8.312320195629434,-0.337170559449635,0.02089356101385174,-0.006760112228244921,-12.87504356627164,-192.2132354028689,-6.63567538688688,-0.1548158033403027,0.513071666591553,0.01736813615508884,-146.9136391002916,-44.05633183458357,-3.767757639570645
0.0097,-40377.88603882098,211.230390557049,0.0001927145511835463,-0.0001556923301035959,-2.331071144791173e-06,0.03196658087497196,0.008006721677468489,0.0008120510512285904,-0.4354800114451403,-0.8386254341335359,-0.03207978574256088,102.7671008481338,-52.64355748358727,-0.2692540923787584,-0.1555263850216487,0.1427291364885493,0.002798084188625628,-163.7932653996102,-181.2742580592517,-8.744261105977326,-0.3379056915752083,0.001637815252649303,-0.007412613228303589,-1.820433097728989,-192.5863389323709,-6.403766186058794,-0.1694436297055744,0.5084556229857283,0.01698423870401196,-145.5829823824352,-48.24539154711584,-3.908609760498782
0.0098,-40377.99319700799,211.230390557049,0.0001958408432602676,-0.0001548338096969878,-2.248882044817954e-06,0.03050548003087137,0.009094759399230927,0.0008285443817620748,-0.4251706844838413,-0.8438270128364839,-0.03210430951346078,103.4117869012269,-51.383991048525,-0.2211979597982957,-0.1708623217907039,0.1236443076227899,0.001904893515678428,-141.8661961830652,-199.1662981621752,-9.060051415885479,-0.3375346460691808,-0.01762370677262245,-0.008040865465456678,9.230789148940573,-192.3292010365962,-6.151106022341152,-0.1839323998167897,0.5034225882821298,0.01658641420298908,-144.1330913567429,-52.39445805984791,-4.046242178037763
0.009900000000000001,-40378.09707699498,211.2303905570489,0.0001988156471897205,-0.0001538733782237497,-2.165362268438758e-06,0.0289443960698497,0.01003921514388115,0.0008385744657347299,-0.4147976540648949,-0.8489022323432409,-0.03212402533452054,104.041119659876,-50.11646519605624,-0.1730986382903089,-0.1838996242582617,0.1028958768561142,0.0009860739054485328,-117.9710417883209,-214.4265005692274,-9.254778018964322,-0.3360595337454202,-0.03682802495466993,-0.008642834432771819,20.2432763126683,-191.4436644935228,-5.878536400492328,-0.198270247976923,0.4979767313737588,0.01617499026840441,-142.5651685337951,-56.50015793616596,-4.180543340250664
0.01,-40378.19613766038,211.230390557049,0.0002016297224742375,-0.0001528259666682116,-2.081167151671008e-06,0.02729915588989187,0.01082950160717845,0.0008420012508354772,-0.404362460551866,-0.8538503058756951,-0.03213892924111884,104.6549995269923,-48.84116382751343,-0.1249632184656728,-0.1944565301483681,0.08075900750894441,5.393791188556354e-05,-92.42297641380543,-226.8331840782583,-9.325153409287335,-0.3334859908066471,-0.055912439671327,-0.009216572745555145,31.18191635312038,-189.9334859446278,-5.586956844845699,-0.2124454335235487,0.4921225566948967,0.01575030553493895,-140.8805115986787,-60.55915488614942,-4.311404466903583
